ClientAgeGroup,DeliveryType,Average_Order,Median_Order
36-42 роки,Post1,2990.4857142857145,2845.0
36-42 роки,Post2,2823.9655172413795,2691.0
36-42 роки,Post3,2917.6944444444443,2814.0
від 43 років,Post1,2972.4423076923076,3195.0
від 43 років,Post2,3132.2272727272725,3403.0
від 43 років,Post3,3043.0408163265306,3224.0
до 35 років,Post1,3063.5131578947367,3107.0
до 35 років,Post2,3069.547368421053,3204.0
до 35 років,Post3,2993.322222222222,3008.5
